﻿<metadata>
  <idinfo>
    <citation>
      <citeinfo>
        <origin>USDA Forest Service Corvallis FSL Lab., George Lienkaemper, GIS specialist (retired)</origin>
        <pubdate>19950217</pubdate>
        <title>Stream network (1976 survey), Andrews Experimental Forest</title>
        <edition>3</edition>
        <geoform>vector digital data</geoform>
        <pubinfo>
          <pubplace>Corvallis, OR</pubplace>
          <publish>Forest Science Data Bank</publish>
        </pubinfo>
        <othercit>hf01301</othercit>
        <onlink>http://andrewsforest.oregonstate.edu/data/studies/spatialdata/hf01301.zip</onlink>
      </citeinfo>
    </citation>
    <descript>
      <abstract>HJ Andrews Experimental Forest Stream Network. This base layer was developed from field data and edge-matched data from GSC dems (scanned contours).</abstract>
      <purpose>Prepared as a base layer in the HJ Andrews GIS database</purpose>
    </descript>
    <timeperd>
      <timeinfo>
        <sngdate>
          <caldate>19950217</caldate>
        </sngdate>
      </timeinfo>
      <current>ground condition</current>
    </timeperd>
    <status>
      <progress>Complete</progress>
      <update>As needed</update>
    </status>
    <spdom>
      <bounding>
        <westbc>-122.262071</westbc>
        <eastbc>-122.110515</eastbc>
        <northbc>44.277582</northbc>
        <southbc>44.200344</southbc>
      </bounding>
    </spdom>
    <keywords>
      <theme>
        <themekt>Andrews Forest LTER Thesaurus</themekt>
        <themekey>hydrography data</themekey>
        <themekey>streams</themekey>
        <themekey>streamflow</themekey>
        <themekey>aquatic habitat</themekey>
        <themekey>stream order</themekey>
        <themekey>hydrology/water</themekey>
        <themekey>stream hydrology</themekey>
      </theme>
      <place>
        <placekt>None</placekt>
        <placekey>HJ Andrews</placekey>
        <placekey>Oregon</placekey>
        <placekey>Lookout Creek</placekey>
        <placekey>Western Cascades</placekey>
      </place>
    </keywords>
    <accconst>Available on line</accconst>
    <useconst>While substantial efforts are made to ensure the accuracy of data and documentation, complete accuracy of data sets cannot be guaranteed. All data are made available "as is". The Andrews LTER shall not be liable for damages resulting from any use or misinterpretation of data sets.</useconst>
    <ptcontac>
      <cntinfo>
        <cntorgp>
          <cntorg>Corvallis Forest Science Laboratory</cntorg>
          <cntper>Theresa Valentine</cntper>
        </cntorgp>
        <cntpos>Spatial Information Manager</cntpos>
        <cntaddr>
          <addrtype>mailing and physical</addrtype>
          <address>3200 SW Jefferson Way</address>
          <city>Corvallis</city>
          <state>Oregon</state>
          <postal>97332</postal>
          <country>US</country>
        </cntaddr>
        <cntvoice>541-750-7333</cntvoice>
        <cntfax>541-758-7760</cntfax>
        <cntemail>tvalentine@fs.fed.us or theresa.valentine@orst.edu</cntemail>
        <hours>m-f 8:00am-4:00pm</hours>
      </cntinfo>
    </ptcontac>
    <ptcontac>
      <cntinfo>
        <cntorgp>
          <cntorg>Corvallis Forest Science Laboratory</cntorg>
          <cntper>Theresa Valentine</cntper>
        </cntorgp>
        <cntpos>Spatial Information Manager</cntpos>
        <cntaddr>
          <addrtype>mailing and physical</addrtype>
          <address>3200 SW Jefferson Way</address>
          <city>Corvallis</city>
          <state>Oregon</state>
          <postal>97332</postal>
          <country>US</country>
        </cntaddr>
        <cntvoice>541-750-7333</cntvoice>
        <cntfax>541-758-7760</cntfax>
        <cntemail>tvalentine@fs.fed.us or theresa.valentine@orst.edu</cntemail>
        <hours>m-f 8:00am-4:00pm</hours>
      </cntinfo>
    </ptcontac>
    <datacred>George Lienkaemper</datacred>
    <secinfo>
      <secclass>Unclassified</secclass>
    </secinfo>
    <native>Microsoft Windows 7 Version 6.1 (Build 7601) Service Pack 1; Esri ArcGIS 10.1.1.3143</native>
  </idinfo>
  <dataqual>
    <logic>Comment: Very Good</logic>
    <complete>Data complete for the entire basin</complete>
    <lineage>
      <srcinfo>
        <typesrc>hardcopy</typesrc>
        <srccontr>Prepared from Lienkaemper's 1976 stream survey field data and contours generated from GSC DEMs</srccontr>
      </srcinfo>
      <procstep>
        <procdesc>This layer was developed through in 1976 by George Lienkaemper. The first surveys was in April when the stream system was very extended (and included many intermittent streams) and another in August and September (when the network was quite contracted). The "survey"was done using the road network and the old 4"/mile Forest Service maps. If a stream crossed a road, it was extended that far on the map. If it didn't cross the next road up, he tried to track it down to where surface water first appeared and then estimate the location on the maps. The survey consisted of 8.5 x 11 photocopies pieces of the larger map taped together. Added stream order through David Hatfields program called "order" and reviewed results with Sherri Johnson and made hand changes to order 5. (1/27/05) Theresa Valentine</procdesc>
        <procdate>19950217</procdate>
        <proccont>
          <cntinfo>
            <cntorgp>
              <cntorg>USDA Forest Service Corvallis FSL Lab.</cntorg>
              <cntper>George Lienkaemper</cntper>
            </cntorgp>
            <cntpos>GIS specialist (retired)</cntpos>
          </cntinfo>
        </proccont>
      </procstep>
      <procstep>
        <procdesc>coverage was converted to a shapefile and projected from NAD27 to NAD83</procdesc>
        <procdate>20090424</procdate>
        <proccont>
          <cntinfo>
            <cntorgp>
              <cntorg>Corvallis Forest Science Laboratory</cntorg>
              <cntper>Theresa Valentine</cntper>
            </cntorgp>
            <cntpos>Spatial Information Manager</cntpos>
            <cntaddr>
              <addrtype>mailing and physical</addrtype>
              <address>3200 SW Jefferson Way</address>
              <city>Corvallis</city>
              <state>Oregon</state>
              <postal>97332</postal>
              <country>US</country>
            </cntaddr>
            <cntvoice>541-750-7333</cntvoice>
            <cntfax>541-758-7760</cntfax>
            <cntemail>tvalentine@fs.fed.us or theresa.valentine@orst.edu</cntemail>
            <hours>m-f 8:00am-4:00pm</hours>
          </cntinfo>
        </proccont>
      </procstep>
    </lineage>
  </dataqual>
  <spdoinfo>
    <direct>Vector</direct>
    <ptvctinf>
      <sdtsterm>
        <sdtstype>String</sdtstype>
        <ptvctcnt>347</ptvctcnt>
      </sdtsterm>
    </ptvctinf>
  </spdoinfo>
  <spref>
    <horizsys>
      <planar>
        <mapproj>
          <mapprojn>NAD 1983 UTM Zone 10N</mapprojn>
          <transmer>
            <sfctrmer>0.9996</sfctrmer>
            <longcm>-123.0</longcm>
            <latprjo>0.0</latprjo>
            <feast>500000.0</feast>
            <fnorth>0.0</fnorth>
          </transmer>
        </mapproj>
        <planci>
          <plance>coordinate pair</plance>
          <coordrep>
            <absres>0.000000002220024164500956</absres>
            <ordres>0.000000002220024164500956</ordres>
          </coordrep>
          <plandu>meter</plandu>
        </planci>
      </planar>
      <geodetic>
        <horizdn>D North American 1983</horizdn>
        <ellips>GRS 1980</ellips>
        <semiaxis>6378137.0</semiaxis>
        <denflat>298.257222101</denflat>
      </geodetic>
    </horizsys>
  </spref>
  <eainfo>
    <detailed>
      <enttyp>
        <enttypl>hydro</enttypl>
        <enttypd>polyline attribute table</enttypd>
        <enttypds>esri</enttypds>
      </enttyp>
      <attr>
        <attrlabl>FID</attrlabl>
        <attrdef>Internal feature number.</attrdef>
        <attrdefs>ESRI</attrdefs>
        <attrdomv>
          <udom>Sequential unique whole numbers that are automatically generated.</udom>
        </attrdomv>
      </attr>
      <attr>
        <attrlabl>Shape</attrlabl>
        <attrdef>Feature geometry.</attrdef>
        <attrdefs>ESRI</attrdefs>
        <attrdomv>
          <udom>Coordinates defining the features.</udom>
        </attrdomv>
      </attr>
      <attr>
        <attrlabl>FNODE_</attrlabl>
        <attrdef>Internal node number for the beginning of an arc (from-node).</attrdef>
        <attrdefs>esri</attrdefs>
        <attrdomv>
          <udom>computer assigned number</udom>
        </attrdomv>
      </attr>
      <attr>
        <attrlabl>TNODE_</attrlabl>
        <attrdef>Internal node number for the end of an arc (to-node).</attrdef>
        <attrdefs>esri</attrdefs>
        <attrdomv>
          <udom>computer assigned number</udom>
        </attrdomv>
      </attr>
      <attr>
        <attrlabl>LENGTH</attrlabl>
        <attrdef>Length of feature in internal units.</attrdef>
        <attrdefs>ESRI</attrdefs>
        <attrdomv>
          <udom>Positive real numbers that are automatically generated.</udom>
        </attrdomv>
      </attr>
      <attr>
        <attrlabl>HYDRO_</attrlabl>
        <attrdef>unique whole number, identifier in Arc/Info coverage format</attrdef>
        <attrdefs>esri</attrdefs>
      </attr>
      <attr>
        <attrlabl>HYDRO_ID</attrlabl>
        <attrdef>user defined unique number</attrdef>
        <attrdefs>Internal documentation</attrdefs>
      </attr>
      <attr>
        <attrlabl>BASIN</attrlabl>
        <attrdef>Watershed basin stream is located in</attrdef>
        <attrdefs>FSDB metadata documentation</attrdefs>
        <attrdomv>
          <edom>
            <edomv>LOOK</edomv>
            <edomvd>Lookout creek</edomvd>
            <edomvds>FSDB metadata documentation</edomvds>
          </edom>
        </attrdomv>
        <attrmfrq>Unknown</attrmfrq>
      </attr>
      <attr>
        <attrlabl>KEY_ID</attrlabl>
        <attrdef>unknown</attrdef>
        <attrdefs>none</attrdefs>
        <attrdomv>
          <udom>value unknown</udom>
        </attrdomv>
      </attr>
      <attr>
        <attrlabl>ORDER_</attrlabl>
        <attrdef>stream order:  In the Strahler method, all links without any tributaries are assigned an order of 1 and are referred to as first order.

The stream order increases when streams of the same order intersect. Therefore, the intersection of two first-order links will create a second-order link, the intersection of two second-order links will create a third-order link, and so on. The intersection of two links of different orders, however, will not result in an increase in order. For example, the intersection of a first-order and second-order link will not create a third-order link but will retain the order of the highest ordered link.

The Strahler method is the most common stream ordering method. However, because this method only increases in order at intersections of the same order, it does not account for all links and can be sensitive to the addition or removal of links.</attrdef>
        <attrdefs>esri</attrdefs>
        <attrdomv>
          <edom>
            <edomv>1</edomv>
            <edomvd>stream order 1: all exterior links</edomvd>
            <edomvds>esri</edomvds>
          </edom>
          <edom>
            <edomv>2</edomv>
            <edomvd>stream order 2:  intersection of two first order streams</edomvd>
            <edomvds>esri</edomvds>
          </edom>
          <edom>
            <edomv>3</edomv>
            <edomvd>stream order 3:  intersection of two second order streams</edomvd>
            <edomvds>esri</edomvds>
          </edom>
          <edom>
            <edomv>4</edomv>
            <edomvd>stream order 4:  intersection of two third order streams</edomvd>
            <edomvds>esri</edomvds>
          </edom>
          <edom>
            <edomv>5</edomv>
            <edomvd>stream order 5: intersection of two fourth order streams</edomvd>
            <edomvds>esri</edomvds>
          </edom>
        </attrdomv>
      </attr>
    </detailed>
  </eainfo>
  <distinfo>
    <distrib>
      <cntinfo>
        <cntorgp>
          <cntorg>Corvallis Forest Science Laboratory</cntorg>
          <cntper>Theresa Valentine</cntper>
        </cntorgp>
        <cntpos>Spatial Information Manager</cntpos>
        <cntaddr>
          <addrtype>mailing and physical</addrtype>
          <address>3200 SW Jefferson Way</address>
          <city>Corvallis</city>
          <state>Oregon</state>
          <postal>97332</postal>
          <country>US</country>
        </cntaddr>
        <cntvoice>541-750-7333</cntvoice>
        <cntfax>541-758-7760</cntfax>
        <cntemail>tvalentine@fs.fed.us or theresa.valentine@orst.edu</cntemail>
        <hours>m-f 8:00am-4:00pm</hours>
      </cntinfo>
    </distrib>
    <distliab>See access and use constraints information.</distliab>
  </distinfo>
  <metainfo>
    <metd>20140220</metd>
    <metc>
      <cntinfo>
        <cntorgp>
          <cntorg>UF Forest Service, Corvallis Forest Science Laboratory</cntorg>
          <cntper>Theresa Valentine</cntper>
        </cntorgp>
        <cntpos>Spatial Information Manager</cntpos>
        <cntaddr>
          <addrtype>mailing and physical</addrtype>
          <address>3200 SW Jefferson Way</address>
          <city>Corvallis</city>
          <state>OR.</state>
          <postal>97332</postal>
          <country>US</country>
        </cntaddr>
        <cntvoice>541-750-7333</cntvoice>
        <cntfax>541-750-7760</cntfax>
        <cntemail>theresa.valentine@orst.edu</cntemail>
        <hours>m-f 0800-1630</hours>
      </cntinfo>
    </metc>
    <metstdn>FGDC Content Standard for Digital Geospatial Metadata</metstdn>
    <metstdv>FGDC-STD-001-1998</metstdv>
    <mettc>local time</mettc>
    <metsi>
      <metsc>Unclassified</metsc>
    </metsi>
  </metainfo>
</metadata>